{"cameraMode":{"drawMode":0,"name":"Shaded","section":"Shading Mode"},"sceneLighting":true,"audioPlay":false,"sceneViewState":{"m_AlwaysRefresh":false,"showFog":true,"showSkybox":true,"showFlares":true,"showImageEffects":true,"showParticleSystems":true,"showVisualEffectGraphs":true,"m_FxEnabled":true},"in2DMode":false,"pivot":{"x":1.009433627128601,"y":4.045632839202881,"z":-3.9025959968566896},"rotation":{"x":-0.08304375410079956,"y":0.14212004840373994,"z":-0.01196485199034214,"w":-0.9862900972366333},"size":14.256402015686036,"orthographic":false}